Feature,Importance
mean,0.9999999522951466
variance,4.680112590065125e-08
median,8.442509177153282e-10
percentile_75,4.251595770672125e-11
percentile_25,1.6960553706385503e-11
